tract_fips,county_fips,group_quarters_pct
01015002101,01015,0.6311320754716981
01051030103,01051,0.7184676544994579
01073004501,01073,0.9271921494143717
01077010100,01077,0.5983318700614574
01081040700,01081,0.8439976802629036
01087231700,01087,0.83888635326335
01089000203,01089,0.5134312320916905
01097001200,01097,0.5455659991826727
01097980000,01097,0.9866468842729971
01101000200,01101,0.5145833333333333
01101000900,01101,0.5564932020628223
01101001500,01101,0.504863813229572
01117030407,01117,0.5395108184383819
01121010700,01121,0.662508428860418
01125011200,01125,0.8499338915821948
02013000100,02013,0.6432748538011696
02016000200,02016,0.6057827926657263
02020980000,02020,1.0
02185000300,02185,0.9853479853479854
04003000503,04003,0.9583131362094037
04005001000,04005,0.8676837459220879
04005980000,04005,0.56
04009961600,04009,0.5801794771751854
04013061017,04013,0.9927007299270073
04013107201,04013,0.8610394397346112
04013114100,04013,0.6050394656952034
04013114301,04013,0.5836837678721615
04013114705,04013,0.9956422018348624
04013319001,04013,0.9721713658000732
04013319002,04013,0.5327747658945293
04013522801,04013,1.0
04013723306,04013,0.9824109824109825
04013981000,04013,0.950186799501868
04019000502,04019,0.7374063989108237
04019980100,04019,1.0
04019980200,04019,0.9936148300720906
04019980400,04019,0.9854191980558931
04021000807,04021,0.9253828608667318
04021000808,04021,0.9043450064850843
04021000903,04021,0.9984718826405868
04021002005,04021,0.934134540346496
04027980005,04027,1.0
05067480402,05067,0.7283236994219653
05069000102,05069,0.9738601823708206
05077470100,05077,0.6439899833055092
05079960600,05079,0.7302363488182559
05119001200,05119,0.5133531157270029
05119980200,05119,0.8230088495575221
05143011301,05143,0.7308282208588958
05145070801,05145,0.6072078631234074
06001422800,06001,0.6617163183637172
06001982000,06001,0.5485436893203883
06001982100,06001,0.8256704980842912
06005000301,06005,0.6940272441494936
06013980000,06013,0.9714867617107943
06019000100,06019,0.74921875
06019005408,06019,0.6079664570230608
06019007903,06019,0.6405256464603646
06025010101,06025,0.9131180337239211
06025012301,06025,0.7531716002670821
06029004302,06029,0.9967860422405876
06029004601,06029,0.9955743311204989
06029004603,06029,1.0
06029006002,06029,0.9942622950819672
06031980100,06031,1.0
06031981800,06031,1.0
06035040400,06035,0.8528340541770999
06037115103,06037,0.8989339019189766
06037206020,06037,0.907477138246369
06037206202,06037,0.5327841845140033
06037206303,06037,0.7375787263820853
06037222700,06037,0.8522534013605442
06037265301,06037,0.9887632143121166
06037265307,06037,0.7288401253918495
06037276500,06037,0.6242472902448816
06037401901,06037,0.9290714812085483
06037402404,06037,0.9761181068171949
06037578100,06037,0.9608404966571156
06037800410,06037,0.6163244086301014
06037901003,06037,1.0
06037920200,06037,1.0
06037980006,06037,1.0
06037980008,06037,0.6559139784946236
06037980009,06037,0.7307692307692307
06037980017,06037,0.7793624161073825
06037980018,06037,1.0
06037980031,06037,0.9164759725400458
06037980034,06037,0.6636363636363637
06039000201,06039,0.7878787878787878
06041122000,06041,0.9490324339056964
06053010900,06053,0.9887941127278809
06053012601,06053,0.926021727884118
06053014104,06053,0.9619500594530321
06059021813,06059,0.5046728971962616
06059062614,06059,0.6309051997463538
06065046501,06065,0.9337192474674385
06065046601,06065,0.8793859649122807
06065981000,06065,0.9981654436290861
06067000700,06067,0.6980568011958147
06067005201,06067,0.6260495156081808
06067005301,06067,0.7378358750907771
06067988300,06067,0.9837656608434798
06071010402,06071,0.5579804560260586
06071012202,06071,1.0
06071012300,06071,1.0
06071980200,06071,0.994181634201872
06073002801,06073,0.6491490555451656
06073003800,06073,0.8942115768463074
06073005103,06073,0.5872230080150872
06073005302,06073,0.550369685767098
06073005500,06073,0.9179487179487179
06073006300,06073,0.945487860742098
06073008305,06073,0.8735664731700411
06073009109,06073,0.9551202578725515
06073009400,06073,0.7538270068450529
06073009901,06073,0.8761061946902655
06073010016,06073,0.9881240911294231
06073011300,06073,0.9432606541129831
06075012504,06075,0.6802810715854194
06075980200,06075,0.9620253164556962
06075980300,06075,0.7535211267605634
06075980900,06075,0.5040064102564102
06077980000,06077,0.9884453781512605
06079010903,06079,0.7818742458774635
06079010904,06079,0.9643727161997564
06079011400,06079,1.0
06083980300,06083,0.9333876553269504
06083980400,06083,0.9324001365653807
06085500902,06085,0.6973976195279403
06085511608,06085,0.8442645074224021
06085513000,06085,0.5876541479820628
06087100400,06087,0.8698532891623284
06095252802,06095,0.6229619565217391
06095253000,06095,0.9966867469879518
06109985202,06109,1.0
06111005700,06111,0.5005117707267144
06113010501,06113,0.593491260349586
08011966701,08011,0.6756367131186929
08013012300,08013,0.8736364924210228
08025969601,08025,0.6111493461803166
08041001600,08041,0.5276864035087719
08041003802,08041,0.9734729493891797
08041004402,08041,0.9427797018521307
08041004403,08041,0.5639745916515426
08043980100,08043,1.0
08043980200,08043,1.0
08043980300,08043,1.0
08059980400,08059,0.9837691614066727
08069000600,08069,0.8652926021347074
08075966400,08075,0.6163275312576612
08077000500,08077,0.5871589085072231
08101000300,08101,0.9812709030100334
08101000903,08101,1.0
08123000300,08123,0.9747899159663865
08123000600,08123,0.5751121076233184
09110417300,09110,0.9711491442542787
09110503800,09110,0.9264825345247766
09110538100,09110,1.0
09110881200,09110,0.9388783868935098
09110980100,09110,0.96962879640045
09130541500,09130,0.6311672683513839
09170361402,09170,0.8809580838323353
09180980000,09180,0.9374657158529895
09190211100,09190,0.888235294117647
10001980000,10001,0.8611111111111112
10003014502,10003,0.6974505017629509
10003016904,10003,0.5342377260981912
10005050505,10005,0.5376033057851239
11001000201,11001,0.9810126582278481
11001000903,11001,0.7082341742027606
11001006804,11001,0.9674763277068753
11001009511,11001,0.9767666989351403
11001010800,11001,0.7477831080098851
11001980000,11001,0.7727272727272727
12001000901,12001,0.7132051686101482
12001000902,12001,0.9468720528135807
12005000700,12005,0.6028368794326241
12009980000,12009,0.8604651162790697
12027010102,12027,0.5004608294930876
12031001000,12031,0.6985264019647974
12031013200,12031,0.5202279202279202
12031013800,12031,0.5623363544813695
12031014415,12031,0.6823210657033191
12033001401,12033,0.7753530166880617
12033001600,12033,0.5563669557279781
12033002400,12033,0.7810918293564715
12037970101,12037,0.5959595959595959
12047960101,12047,0.845667534399405
12049970302,12049,0.5485342019543974
12057003700,12057,0.5364308342133052
12057005000,12057,0.5332807156011576
12057010900,12057,0.9817187766957116
12057012211,12057,0.9230769230769231
12059960401,12059,0.9794313369630974
12067960100,12067,0.5279456193353474
12071040139,12071,0.7652364033889041
12073000400,12073,0.6123511904761905
12073001300,12073,0.98572501878287
12073002003,12073,0.5289161240903868
12077980000,12077,0.992579908675799
12083000304,12083,0.8567628401882545
12085001806,12085,0.8276004973062577
12086003706,12086,0.9873684210526316
12086008904,12086,0.9814307458143074
12086011408,12086,0.5007814244250949
12086014100,12086,0.9497450837581938
12086980300,12086,0.9651961870982044
12086981100,12086,0.8192513368983957
12086981300,12086,0.973448275862069
12095016001,12095,0.5021582733812949
12095016515,12095,0.9833858840650012
12099007100,12099,0.983983286908078
12103024510,12103,0.5111700113593336
12105010402,12105,0.517067197305985
12105012404,12105,0.6267575628461867
12113010808,12113,0.5185046026676686
12119911000,12119,0.9289940828402367
12119980100,12119,0.9970525626330441
12125960100,12125,0.5478887744593203
12127083206,12127,0.7569199798691495
12129010206,12129,0.8269499580654179
13021010500,13021,0.5374805598755832
13031110407,13031,0.8574011883234306
13037950100,13037,0.5572463768115942
13039010500,13039,0.6144080307056392
13053020201,13053,0.6939990838295923
13053020206,13053,0.9148936170212766
13059000402,13059,0.8768918918918919
13069010302,13069,0.6836969001148105
13089022404,13089,0.6674780915287244
13089022405,13089,0.6219512195121951
13089023115,13089,0.9813620071684588
13095010702,13095,0.5354275741710297
13115000300,13115,0.5971407624633431
13121000700,13121,0.7528571428571429
13121001002,13121,0.7728958630527818
13121001901,13121,0.8320610687022901
13121002801,13121,0.7239360504390903
13121002802,13121,0.6230502599653379
13121003500,13121,0.6303428839830907
13121003800,13121,0.8336226851851852
13121004300,13121,0.5890909090909091
13121006801,13121,0.9925990422289943
13179010102,13179,0.7406351791530945
13185011100,13185,0.5048971596474046
13205090401,13205,0.5095693779904307
13215010606,13215,0.9568513119533528
13245010802,13245,0.8609357293184394
13271950102,13271,0.6230694980694981
15003002701,15003,0.5676802354095145
15003007400,15003,0.6102470265324794
15003009507,15003,0.6850768105340161
15003009512,15003,0.6259767687434002
15003980200,15003,0.9342105263157895
15003981100,15003,0.7844311377245509
15003981803,15003,0.7275212636695019
15003981900,15003,0.9025787965616046
15003982100,15003,1.0
16001000902,16001,0.5553315863737149
16001010501,16001,0.6877886095433555
16065950301,16065,0.694255237116052
16065950303,16065,0.5526272978688791
17019000401,17019,0.7018536585365853
17019005901,17019,0.6638501102130786
17019006000,17019,0.675574891236793
17029000800,17029,0.5386789120452137
17031030104,17031,0.5026980971314967
17031381700,17031,1.0
17031808702,17031,0.8144499178981938
17031836200,17031,0.8360881542699724
17031842000,17031,0.6305019305019305
17031843500,17031,0.820563847429519
17037002200,17037,0.7415525114155251
17077011702,17077,0.5375722543352601
17087980000,17087,0.9758888434818145
17097863003,17097,0.9723407887997269
17097863005,17097,0.995135971700199
17097863006,17097,0.9832962138084632
17109980000,17109,0.9549681840430739
17113000200,17113,0.8806463459419758
17113001302,17113,0.581126624939817
17143002000,17143,0.5704395984769817
17157951202,17157,0.7929915639195327
17197980100,17197,0.9766338079591091
18003980001,18003,0.9566420664206642
18035000902,18035,0.9742441209406495
18091040100,18091,0.5771329365079365
18091042602,18091,0.929903536977492
18095011600,18095,0.985731272294887
18097391001,18097,0.7817649212742586
18103952900,18103,0.5136071251855517
18105000201,18105,0.7973941368078176
18105000202,18105,0.96693427677235
18127050902,18127,0.8364289994008388
18127980001,18127,0.8181818181818182
18141011203,18141,0.8342326139088729
18153050501,18153,0.6896090878717006
18157010400,18157,0.9939085032322228
18157010500,18157,0.572468162522741
18157011200,18157,0.5076335877862596
18167011102,18167,0.8186274509803921
19013002303,19013,0.7177058668771376
19017004000,19017,0.5315876974231089
19099980000,19099,1.0
19103002100,19103,0.6802373158756138
19103002300,19103,0.5169683257918553
19169000500,19169,0.810211173483026
19169000800,19169,0.989517819706499
19169001102,19169,0.5532354765350423
19169001200,19169,0.7032967032967034
20005081702,20005,0.5703305149884704
20045000400,20045,0.9314086814086814
20111000102,20111,0.9612676056338029
20161000303,20161,0.6485936970518469
20161001002,20161,0.5295325522406088
20161001101,20161,0.690002341372044
20173004301,20173,0.5664439495174461
20209980500,20209,0.5333333333333333
20209980900,20209,0.7244897959183674
20209981200,20209,0.6363636363636364
21035010301,21035,0.8820224719101124
21047201503,21047,0.8996138996138996
21061980100,21061,0.8557692307692307
21067000801,21067,0.9636224879165607
21067000802,21067,0.6746616005699358
21067003701,21067,0.6324697754749569
21093980100,21093,0.9497907949790795
21111003501,21111,0.5947164948453608
21111005300,21111,0.6410618469358939
21151010500,21151,0.9435917114351496
21185030200,21185,0.7284768211920529
21221980100,21221,1.0
21227010400,21227,0.9359404990403071
22003950202,22003,0.9482316760635572
22027950201,22027,0.693130399012752
22033002801,22033,0.85337347264034
22033002802,22033,0.8265099310903932
22035000200,22035,0.579578488372093
22043020406,22043,0.5165085388994307
22071007000,22071,0.6863966770508827
22071012102,22071,0.7539833080424886
22071014500,22071,0.9815724815724816
22079980000,22079,1.0
22115950701,22115,0.8441087613293051
22125980000,22125,0.9356673182868314
23001020301,23001,0.5425812115891132
23019006300,23019,0.7515863689776733
24001001300,24001,0.6124248496993988
24003740400,24003,1.0
24005490605,24005,0.9035867565910485
24005492500,24005,0.9379420488250058
24033980000,24033,0.6972495349455222
24039930800,24039,0.5764808362369338
24043011000,24043,0.996268656716418
24510100300,24510,0.9884892086330935
24510271102,24510,0.7195453422288115
25005985500,25005,0.6920670391061452
25009217602,25009,0.5060975609756098
25013812903,25013,0.9602708803611738
25015820400,25015,0.9854542685248648
25015820600,25015,0.9201706276660573
25015820802,25015,1.0
25015821200,25015,0.9583524027459954
25015822000,25015,0.8559479553903345
25017353102,25017,0.7540878486694453
25017353900,25017,0.5450399087799316
25017369000,25017,0.9745454545454545
25017373600,25017,0.534409654272668
25023980200,25023,0.9587301587301588
25023980300,25023,0.9698581560283688
25025000807,25025,0.9553023663453112
25025010103,25025,0.8848200979348521
25025010300,25025,0.891631315079059
25025010405,25025,0.7436159346271706
25025070201,25025,0.5521303258145364
25025080601,25025,0.5283178360101437
25025980300,25025,0.7699115044247787
25025981100,25025,0.8865979381443299
25025981501,25025,0.6923076923076923
25027731202,25027,0.952
25027731602,25027,0.6124885215794307
25027732902,25027,0.9621097302212792
26033980200,26033,1.0
26057000400,26057,1.0
26065004490,26065,0.9882473173224323
26065004491,26065,0.9785123966942149
26065004492,26065,0.9915080527086384
26065004493,26065,0.9696969696969697
26065004494,26065,0.9836163240988979
26065980000,26065,0.9348079161816065
26067982200,26067,0.9947587204048437
26073000703,26073,0.9401743264659271
26075005800,26075,1.0
26077001504,26077,0.9388341543513957
26087336500,26087,1.0
26103000500,26103,0.9199683042789224
26107981300,26107,0.50997150997151
26117971000,26117,0.5286103542234333
26121000402,26121,0.8317122822890749
26125981300,26125,0.9839533187454412
26139024502,26139,0.6233659006467593
26139024902,26139,0.6064969859343603
26161402201,26161,0.590950390695984
26161402601,26161,0.5355658763138597
26161980101,26161,0.586748182419035
26161980102,26161,0.9415566927013197
26161980300,26161,0.9811133200795229
26161980500,26161,0.9482323232323232
26161980600,26161,0.9812850904553961
26163520200,26163,0.6054794520547945
26163983400,26163,0.796875
26163983901,26163,1.0
27027020400,27027,0.5223225806451612
27053104901,27053,0.7460869565217392
27131070602,27131,0.5740928441110886
27131070701,27131,0.6810035842293907
27137015700,27137,0.528839306907192
27145011307,27145,0.6559714795008913
27145011600,27145,0.6880869995056846
27163070801,27163,0.9934340118187788
27163070802,27163,0.9788359788359788
28035000900,28035,0.7192913385826771
28041950102,28041,0.564453125
28047000900,28047,0.5548717948717948
28047980000,28047,1.0
28049011500,28049,0.5552075176194206
28071950301,28071,0.7857705021249803
28121020500,28121,0.9811450908254771
29001951000,29001,0.9611774744027304
29019002200,29019,0.8373121131741822
29031880800,29031,0.5240395675178284
29077000200,29077,0.5837113847483257
29095015900,29095,0.5411764705882353
29101960401,29101,0.6510574018126888
29169470389,29169,0.7928607983623337
29169470601,29169,0.6321508469159476
29183310601,29183,0.6023422943838169
29189216300,29189,0.5887096774193549
30031001101,30031,0.6010840108401084
30101980000,30101,1.0
31055001600,31055,0.5778947368421052
31055007473,31055,0.8512195121951219
31109000600,31109,0.9253075571177505
31109003500,31109,1.0
31109003601,31109,0.9904481998530492
32003005818,32003,0.8486433474991827
32003007802,32003,0.8971518987341772
32031001504,32031,0.5291529152915292
32031980000,32031,0.7664670658682635
33009961001,33009,0.5197723187537447
33009961603,33009,0.6438263229308006
33017080203,33017,0.7557142857142857
33017080204,33017,0.587467362924282
34001983400,34001,0.9651162790697675
34003032104,34003,0.5085500117123448
34005981802,34005,0.9807938540332907
34005982111,34005,0.5542907180385289
34005982200,34005,0.8093385214007782
34011010103,34011,1.0
34011010402,34011,0.9819734345351043
34011020502,34011,1.0
34013001100,34013,0.6001855287569573
34013980100,34013,0.9766314696209105
34015501404,34015,0.7619685944082727
34021003703,34021,0.5016882386043894
34021004501,34021,0.758109360518999
34021980000,34021,0.9898580121703854
34023005100,34023,0.5431375221480169
34023008801,34023,0.668903803131991
34023980200,34023,0.9777874564459931
34031154004,34031,0.7250437828371279
34039980000,34039,0.5852842809364549
35001001800,35001,0.7865219357756671
35001980500,35001,1.0
35013001000,35013,0.8155275381552753
35035000601,35035,0.8495981630309989
35049980000,35049,0.901656314699793
35057980000,35057,1.0
35061980200,35061,1.0
36001000404,36001,0.9630342703118984
36003950800,36003,0.5158083441981747
36005000100,36005,0.9928419936373277
36005006302,36005,1.0
36005009302,36005,0.923828125
36005028400,36005,0.7878787878787878
36005031900,36005,0.9030837004405287
36005039700,36005,0.6987978628673197
36005043502,36005,1.0
36007014302,36007,0.6674018932083449
36009961302,36009,0.5452332657200811
36013035902,36013,0.9073645206113942
36015000300,36015,0.9741672331747111
36019103000,36019,0.9767025089605734
36023970800,36023,0.9331175836030206
36025970900,36025,0.9739542225730071
36027610000,36027,0.9818780889621087
36027640001,36027,1.0
36027640002,36027,0.9660107334525939
36029009110,36029,0.9871007371007371
36029980000,36029,0.9699812382739212
36029980300,36029,0.9662562699498404
36029980400,36029,1.0
36029980500,36029,0.9595015576323987
36033950502,36033,0.6618325642715887
36039080800,36039,0.9907407407407407
36045980000,36045,0.8636363636363636
36047001801,36047,1.0
36047035702,36047,1.0
36051030500,36051,0.9722321110715557
36051031000,36051,0.9634285714285714
36053030900,36053,0.6460529397985477
36055003807,36055,0.7094374709437471
36055009403,36055,0.9754977029096478
36055013103,36055,0.7225871652349671
36055015301,36055,0.8754083061129259
36059407802,36059,0.5179533213644524
36059980100,36059,1.0
36059981100,36059,0.9698492462311558
36059982100,36059,0.8969422423556059
36061002901,36061,0.875
36061009600,36061,0.662828947368421
36061014300,36061,0.8682170542635659
36061020101,36061,0.5523349436392915
36061020300,36061,0.7958182756840475
36061021703,36061,0.9229357798165138
36061024000,36061,0.9339477726574501
36061031100,36061,1.0
36065025003,36065,0.5640449438202247
36065025900,36065,0.9887892376681614
36065026501,36065,0.9615894039735099
36065026502,36065,0.8716981132075472
36065026600,36065,0.9911710037174721
36067004301,36067,0.5300889586603872
36067004302,36067,0.7528267157507231
36067005602,36067,0.9003136981526665
36069051900,36069,0.5486198243412798
36071013600,36071,0.5910210785655625
36073040602,36073,0.9891304347826086
36077591700,36077,0.80084835630965
36081017902,36081,0.75
36081019902,36081,0.8517350157728707
36081024600,36081,1.0
36081038301,36081,1.0
36081042600,36081,0.9587912087912088
36081126700,36081,0.5184855233853006
36081128300,36081,1.0
36081138502,36081,0.7764705882352941
36089491100,36089,0.9715302491103203
36089491200,36089,0.9754204398447607
36089491900,36089,0.9836494440810988
36091061303,36091,0.9910504003768252
36095740300,36095,0.9871559633027523
36099950801,36099,1.0
36103158014,36103,0.926829268292683
36103158015,36103,0.9825537835812908
36103201200,36103,0.7857142857142857
36105951100,36105,0.5396405919661733
36109000300,36109,0.8762589928057554
36109000400,36109,0.8146135265700483
36109001200,36109,0.9437424789410349
36111953500,36111,0.5333204930662557
36115081002,36115,0.5422391857506361
36119981000,36119,0.7484388938447815
36119982000,36119,0.9926847110460864
36119983000,36119,0.9710982658959537
36119984000,36119,0.737516005121639
36119985000,36119,0.9756211908110642
36121970201,36121,1.0
37007980000,37007,1.0
37049961202,37049,0.7355848434925865
37051003404,37051,0.9781287970838396
37051003409,37051,0.6791790440183635
37051003410,37051,0.6412400571078931
37051980100,37051,0.936768149882904
37051980200,37051,0.89
37063001303,37063,0.6026653504442251
37063001501,37063,0.99067055393586
37063001503,37063,0.9806555615260613
37067000801,37067,0.7484966395472232
37067001300,37067,0.7027540360873694
37077970704,37077,1.0
37079950102,37079,0.5388324436025487
37081010702,37081,0.7580831408775982
37081011000,37081,0.7364088820826953
37081013601,37081,0.7874892887746359
37091980000,37091,1.0
37119005604,37119,0.6732847744360902
37129011502,37129,0.666363305424099
37133000500,37133,0.9820842042400717
37133000600,37133,0.9865716429107276
37133001000,37133,0.8606957087126138
37135011601,37135,0.97918637653737
37135011602,37135,0.9385964912280702
37147000400,37147,0.684331797235023
37183050800,37183,0.5166421928536467
37183051101,37183,0.5808733837521347
37183051102,37183,0.9578680203045685
37189920500,37189,0.7489619171906513
38017000300,38017,0.6896354266081314
38035010301,38035,0.6146095717884131
38035010302,38035,0.6581803005008348
39003011200,39003,0.5321843123461133
39009973101,39009,0.513206672845227
39009973901,39009,0.6920716938478928
39013012202,39013,0.6388453792794808
39017010104,39017,0.9848512173128945
39017010201,39017,0.9791921664626683
39035196800,39035,0.6049067713444554
39035980100,39035,0.6
39035981000,39035,0.8888888888888888
39045032502,39045,0.5392832529290145
39049001121,39049,0.9752699694996291
39049001122,39049,0.5850673194614443
39061002901,39061,0.5123906705539358
39061003000,39061,0.7857384251436296
39061006501,39061,0.671869697997964
39065000401,39065,0.866778149386845
39081000200,39081,0.5001448016217782
39083007301,39083,0.5201624601102408
39095010400,39095,0.8837548638132295
39097041000,39097,0.9606462303231151
39099800502,39099,0.9801876955161627
39101010202,39101,0.991356783919598
39113003402,39113,0.7670377409720337
39113003403,39113,0.9446616541353383
39121968402,39121,0.8220735785953177
39129021300,39129,1.0
39133601502,39133,0.7678257340008118
39139001700,39139,0.9892365955750448
39141955604,39141,0.6595378211568824
39165031700,39165,0.9931099279674287
39169980000,39169,0.8893557422969187
39173021800,39173,0.9545779685264664
40015161601,40015,0.6300151400454201
40027200700,40027,0.5306122448979592
40027201202,40027,0.9015793848711554
40031002401,40031,0.5050847457627119
40031002403,40031,0.9789915966386554
40109107101,40109,0.9855189058728882
40109980003,40109,1.0
40109980004,40109,1.0
40109980006,40109,1.0
40109980008,40109,1.0
40109980009,40109,0.7068965517241379
40119010300,40119,0.5704278208656492
40119010400,40119,0.9276587379595046
40121486300,40121,0.9760056457304164
40143002100,40143,0.6680511182108626
40143007612,40143,0.5115076286527024
41003010602,41003,0.6564905760552163
41003010702,41003,0.5138592750533049
41039003700,41039,0.6033903054076772
41045970900,41045,0.5063492063492063
41051007300,41051,0.7046603032004491
41051980000,41051,1.0
42001031501,42001,0.6759581881533101
42003010301,42003,1.0
42003010302,42003,0.8164417177914111
42003040200,42003,0.5146014206787688
42003140100,42003,0.5103065065423911
42003981800,42003,0.9426751592356688
42003982200,42003,0.9711270410195142
42011014101,42011,0.9793148028442146
42019980100,42019,0.8848560700876095
42021012300,42021,0.503252228378704
42027011202,42027,0.9963570127504554
42027012100,42027,0.949842831761651
42027012200,42027,0.9897444811402747
42029980000,42029,0.9837486457204767
42035030702,42035,0.9491329479768786
42037051101,42037,0.6362842166569598
42041013104,42041,0.6291713535808025
42041981001,42041,0.9961858529819695
42041981606,42041,0.9733052335792062
42045980100,42045,0.7383512544802867
42049010108,42049,0.9934181658622203
42049011511,42049,0.7941463414634147
42053530100,42053,0.6441183214858978
42061950302,42061,0.9939613526570048
42063961102,42063,0.6020374081496326
42069100300,42069,0.5773415326395459
42071013601,42071,0.5047784535186794
42079200100,42079,0.6143939393939394
42081000800,42081,0.6177504393673111
42091980100,42091,0.9958990536277602
42095011100,42095,0.9231805929919138
42101008801,42101,0.559375
42101014600,42101,0.5305603851812224
42101980003,42101,1.0
42101980200,42101,0.7351190476190477
42101989100,42101,0.993763557483731
42101989200,42101,1.0
42101989300,42101,0.7692307692307693
42107000400,42107,0.6114859020930635
42109980705,42109,0.9532530120481928
42111020802,42111,0.6695526695526696
42119980101,42119,0.9923460898502496
42119980501,42119,0.9506398537477148
42119980800,42119,0.952710843373494
42129804705,42129,0.7644959857270295
44005041200,44005,0.6614763552479815
44007003602,44007,0.7761872909698997
44007012601,44007,0.6133746678476528
44007014200,44007,0.5610678999369351
44009051400,44009,0.9228637413394919
45013000400,45013,0.9838546922300706
45013001000,45013,0.8358008075370121
45015020724,45015,0.6522062469013387
45027980000,45027,1.0
45045001203,45045,0.7093072673183171
45049920401,45049,0.6451612903225806
45061920301,45061,1.0
45069960302,45069,0.5247179487179487
45075011200,45075,0.7943857090776522
45077011202,45077,0.9732128705024569
45079001000,45079,0.6092124814264487
45079002900,45079,0.6973067915690867
45079010408,45079,0.9897664071190211
45079010806,45079,0.9744897959183674
45079011501,45079,0.990369412102918
45079980100,45079,0.9568034557235421
45083020301,45083,0.5585950692333671
45089970802,45089,1.0
45091060600,45091,0.9790575916230366
47037013002,47037,0.9878397711015737
47037016400,47037,0.5866510538641686
47037016500,47037,0.7578969243557773
47069950200,47069,0.5568551007147499
47093000901,47093,0.9828801611278952
47093000902,47093,0.9774266365688488
47097050100,47097,0.5962456251988546
47113000800,47113,0.5438667749796913
47125980100,47125,0.7822784810126582
47149041500,47149,0.9762068965517241
47157011402,47157,0.5715918833952558
47157021200,47157,0.9751332149200711
47157980401,47157,1.0
47179060700,47179,0.9839486356340289
47183968202,47183,0.8562091503267973
48001950401,48001,0.9655828433068142
48001950402,48001,0.9974701335207309
48025950201,48025,0.88160336508722
48027021602,48027,0.6758386732001508
48027023204,48027,0.7343875636558563
48027980001,48027,1.0
48029110600,48029,0.6144975288303131
48029120100,48029,0.5636387995712755
48029161400,48029,0.8176319835981548
48039661901,48039,0.5330259222333001
48041002017,48041,0.7536298334097509
48041002100,48041,0.7425047562815719
48075950100,48075,0.5607337630143778
48085031813,48085,0.5806574923547401
48099010201,48099,0.9859116399945288
48099010503,48099,0.9648774022531478
48113010002,48113,0.9904168663152851
48113019302,48113,0.5555029959003469
48113980200,48113,0.8390357698289269
48123970201,48123,0.6655231560891939
48141001700,48141,0.5390557939914163
48141010102,48141,0.6356073211314476
48143950401,48143,0.5563517915309446
48147950401,48147,0.5004009623095429
48157673700,48157,0.9836586472991375
48163950201,48163,0.5960441232407759
48163950301,48163,0.5183425705991027
48167724000,48167,0.7907518296739854
48169980000,48169,0.9892533936651584
48185180400,48185,0.9426536731634183
48201312000,48201,0.5761416912658448
48201312800,48201,0.6132213294375457
48201980200,48201,0.9804725168756027
48201980300,48201,0.9771849771849772
48201980400,48201,0.9778725673153825
48209010200,48209,0.7594093804284887
48227950802,48227,0.7193207305350849
48245980200,48245,1.0
48245980300,48245,0.9964759535655058
48253020102,48253,0.9950228121111572
48255970301,48255,0.6980814540558734
48291700900,48291,0.6149775497113534
48303000503,48303,0.9935676184499529
48303000700,48303,0.5572893446277307
48309000300,48309,0.9811881188118812
48313000100,48313,0.6689875253843922
48339693904,48339,0.9886813808715337
48347950600,48347,0.613387495584599
48355002706,48355,0.9849397590361446
48355006400,48355,0.5219279201042119
48371980000,48371,0.9602649006622517
48373210203,48373,0.5096052034487975
48375014401,48375,0.7306059436511
48389950600,48389,0.552207693765397
48439101700,48439,0.5428206220707286
48439104203,48439,0.8885928796318722
48439123302,48439,0.6666666666666666
48441012100,48441,0.7360703812316716
48441013000,48441,0.5804311774461028
48451001500,48451,0.7539414414414415
48453000601,48453,0.8791375291375292
48453001101,48453,0.5699734278122232
48453001606,48453,0.7675438596491229
48453002319,48453,0.9927038626609442
48457950201,48457,0.5733128834355828
48471790101,48471,0.7244072524407252
48471790401,48471,0.5138106362512024
48471790402,48471,0.5311102074013827
48473980000,48473,0.9953775038520801
48479001827,48479,0.9375
48485013401,48485,0.8282390061131927
49005000702,49005,0.5744252873563218
49011980000,49011,0.7490909090909091
49035101402,49035,0.7185987554736114
49035112818,49035,0.9927192149414371
49049001602,49049,0.9128252788104089
49049980400,49049,0.8625
50001960800,50001,0.5116550116550117
50007002201,50007,0.5293925538863488
50007003900,50007,0.7446547732534387
51003010904,51003,0.8234625993834171
51013103401,51013,0.6500541711809318
51025930202,51025,0.9893416927899686
51041100600,51041,0.6602695910440941
51059440503,51059,0.8524277541440516
51059440504,51059,0.9657853810264385
51075400300,51075,0.8442437923250564
51081880102,51081,1.0
51121020100,51121,0.9818676337262012
51145500300,51145,0.7045609257998638
51147930204,51147,0.5446428571428571
51149850100,51149,0.8083436596447748
51149850200,51149,0.5381228737242345
51175200300,51175,0.9893858984078847
51179010201,51179,0.9491733006736068
51183870202,51183,1.0
51630000301,51630,0.9257971014492754
51650011400,51650,0.8205814843152257
51660000206,51660,0.9547370756600844
51678980000,51678,0.9
51680000203,51680,0.8716260697827518
51680001400,51680,0.9546129947318654
51710000902,51710,0.8347850921033843
51710004700,51710,0.8572386058981233
51740980100,51740,1.0
51750010102,51750,0.5859375
51760040300,51760,0.750179856115108
51810045000,51810,0.7709251101321586
53027001602,53027,0.52266594711279
53029970200,53029,0.7885906040268457
53033005303,53033,0.9672316384180791
53033005304,53033,0.962065031374786
53033005307,53033,0.6025333789798014
53035081400,53035,0.9451431629649452
53053072909,53053,0.9307479224376731
53061052211,53061,0.7773561037318153
53063002503,53063,0.8164329964134334
53071920400,53071,0.9690635451505016
53075000100,53075,0.5643327348892878
53075000500,53075,0.7852209944751382
54011000500,54011,0.6852861035422343
54021980000,54021,1.0
54077963801,54077,0.664702167964639
55009980000,55009,1.0
55025001102,55025,0.9064969271290606
55033970801,55033,0.6440860215053763
55035001700,55035,0.6063951275218881
55063000500,55063,0.5935128983308042
55079007400,55079,0.607630979498861
55079186400,55079,0.6465214335910049
55087010502,55087,0.5275347400926402
55101980000,55101,0.952076677316294
55105001500,55105,0.5221887117621715
55127000501,55127,0.522238514173998
55139000700,55139,0.5792338287628218
56001963500,56001,0.805168986083499
72021030101,72021,0.5543127962085308
72113980001,72113,0.9938733832539143
72127980105,72127,1.0
